Arm Index,Mean,Variance
0,0.6618340987444984,3.5693417079442202
1,0.05766398048480592,1.4804210918311798
2,0.42811697388780223,2.5893614118513892
3,0.7449858956691724,2.762250886281517
4,0.08178169332084106,1.5740244382787631
5,0.2680803742802895,1.5040416609526708
6,0.9365763740510779,2.0324669178029144
7,0.13803337361368495,2.204633337096003
8,0.7394460247752501,1.0865869124389476
9,0.8638012049311221,2.7346639521900196
