Arm Index,Mean,Variance
0,0.9520774265041938,40.42535819290019
1,0.6662557221183103,41.34206959126048
2,0.27295105884399506,33.82548973791741
3,0.7199768897864665,21.500420471418828
4,0.47937538477355046,42.408970925520805
5,0.07779944663226712,28.314256705999156
6,0.34107584325233253,41.69177808679599
7,0.9584978603155753,40.64099601217603
8,0.7749913486001561,30.263548517429673
9,0.3498136808488016,37.23527724068613
